タイムスタンプ,メールアドレス,規約への同意,共同利用者の学籍番号,共同利用者の氏名,共同利用者の学生証写真
2026-04-01 00:44:40,akirasaito@example.org,利用規約に同意する,1556973,田中 七夏,accept
2026-04-01 02:16:35,fujitayui@example.com,利用規約に同意する,8313624,岡田 和也,accept
2026-04-01 02:41:19,kfujiwara@example.org,利用規約に同意する,1589709,山本 あすか,accept
2026-04-01 05:23:17,nanamiwatanabe@example.net,利用規約に同意する,4679395,佐藤 聡太郎,accept
2026-04-01 05:34:16,momoko02@example.com,利用規約に同意する,4268303,藤原 幹,accept
2026-04-01 06:10:01,yamazakiatsushi@example.org,利用規約に同意する,4612502,林 七夏,accept
2026-04-01 06:20:39,yoshidamomoko@example.com,利用規約に同意する,8484972,木村 花子,accept
2026-04-01 07:38:34,kobayashishota@example.com,利用規約に同意する,8576955,森 美加子,accept
2026-04-01 10:33:55,satotomoya@example.com,利用規約に同意する,4454524,福田 幹,accept
2026-04-01 11:08:27,eyoshida@example.com,利用規約に同意する,4443874,吉田 直子,accept
2026-04-01 13:11:05,akiraabe@example.com,利用規約に同意する,8401217,鈴木 涼平,accept
2026-04-01 13:12:54,yoko19@example.com,利用規約に同意する,4463654,山下 里佳,accept
2026-04-01 14:03:19,okadamanabu@example.net,利用規約に同意する,4688930,山田 聡太郎,denied
2026-04-01 14:18:23,sotarohashimoto@example.net,利用規約に同意する,4519773,山崎 裕美子,denied
2026-04-01 15:08:29,maaya91@example.com,利用規約に同意する,4229536,後藤 直子,accept
2026-04-01 15:10:31,tinoue@example.net,利用規約に同意する,4260249,田中 太一,accept
2026-04-01 15:11:43,wnakamura@example.com,利用規約に同意する,4592459,松田 花子,accept
2026-04-01 15:55:46,oendo@example.org,利用規約に同意する,8624672,高橋 くみ子,accept
2026-04-01 16:27:01,takuma74@example.net,利用規約に同意する,8826111,池田 拓真,accept
2026-04-01 18:14:13,nakajimaminoru@example.org,利用規約に同意する,1539008,清水 里佳,accept
2026-04-01 18:19:17,momokoogawa@example.net,利用規約に同意する,1599663,斎藤 涼平,accept
2026-04-01 20:53:39,yutanakajima@example.org,利用規約に同意する,4168937,山下 康弘,denied
2026-04-01 21:13:25,yfujii@example.net,利用規約に同意する,8257340,山田 美加子,accept
2026-04-01 22:29:23,vkato@example.org,利用規約に同意する,8492847,長谷川 亮介,accept
2026-04-01 22:32:27,ryosukesato@example.net,利用規約に同意する,8517842,中川 直人,accept
2026-04-01 22:49:13,katohideki@example.org,利用規約に同意する,4316315,小林 亮介,accept
2026-04-01 23:17:06,maisato@example.com,利用規約に同意する,8665673,高橋 明美,accept
2026-04-01 23:44:31,naoki66@example.org,利用規約に同意する,8274277,山口 真綾,accept
2026-04-02 00:34:07,osamu41@example.com,利用規約に同意する,8225105,池田 美加子,accept
2026-04-02 01:46:45,tinoue@example.net,利用規約に同意する,4260249,田中 太一,denied
2026-04-02 02:03:32,ysato@example.org,利用規約に同意する,1527762,田中 美加子,accept
2026-04-02 02:28:10,yui79@example.net,利用規約に同意する,8389687,林 康弘,accept
2026-04-02 04:07:33,naokoyamashita@example.com,利用規約に同意する,4476064,小林 あすか,accept
2026-04-02 04:52:56,sotaro89@example.org,利用規約に同意する,1558153,太田 知実,accept
2026-04-02 05:15:53,itonaoki@example.net,利用規約に同意する,4115213,岡本 陽子,accept
2026-04-02 06:56:17,naoto01@example.org,利用規約に同意する,1502187,田中 亮介,accept
2026-04-02 06:59:29,hiroshifujita@example.org,利用規約に同意する,1506755,池田 桃子,accept
2026-04-02 07:20:56,ryoheikimura@example.org,利用規約に同意する,1587584,藤井 舞,accept
2026-04-02 09:32:50,watanabemiki@example.org,利用規約に同意する,1576638,橋本 くみ子,accept
2026-04-02 11:14:08,ttakahashi@example.org,利用規約に同意する,1583050,斎藤 千代,accept
2026-04-02 11:25:33,mikigoto@example.net,利用規約に同意する,8278282,中島 直子,denied
2026-04-02 13:03:16,wtanaka@example.com,利用規約に同意する,4528953,渡辺 真綾,accept
2026-04-02 16:11:35,yasuhiro38@example.net,利用規約に同意する,8496447,佐々木 陽一,accept
2026-04-02 16:15:53,bito@example.net,利用規約に同意する,8562957,藤田 里佳,accept
2026-04-02 16:21:36,yutanakajima@example.org,利用規約に同意する,4168937,山下 康弘,accept
2026-04-02 16:21:59,nnakamura@example.net,利用規約に同意する,1534365,近藤 春香,accept
2026-04-02 17:21:21,ttakahashi@example.org,利用規約に同意する,4508079,松本 淳,accept
2026-04-02 18:09:42,mituru23@example.org,利用規約に同意する,4116284,高橋 陽子,accept
2026-04-02 18:54:04,shoheihayashi@example.com,利用規約に同意する,1592925,渡辺 亮介,accept
2026-04-02 20:54:17,yui79@example.net,利用規約に同意する,8389687,林 康弘,accept
2026-04-02 21:53:37,kazuyanakagawa@example.com,利用規約に同意する,2169534,渡辺 浩,accept
2026-04-02 21:59:33,satomi28@example.org,利用規約に同意する,1587062,山崎 舞,accept
2026-04-02 22:20:21,gwatanabe@example.net,利用規約に同意する,8370088,坂本 京助,accept
2026-04-02 23:22:17,cyamamoto@example.com,利用規約に同意する,4272362,小川 美加子,accept
2026-04-03 00:25:03,hanako79@example.com,利用規約に同意する,4368551,清水 陽子,accept
2026-04-03 00:59:32,tomoyanakajima@example.com,利用規約に同意する,8615012,長谷川 太郎,accept
2026-04-03 01:03:50,jikeda@example.net,利用規約に同意する,1539932,佐藤 亮介,accept
2026-04-03 01:13:15,yamashitananami@example.com,利用規約に同意する,1553788,佐藤 康弘,accept
2026-04-03 01:57:23,shimizutakuma@example.com,利用規約に同意する,8588150,長谷川 和也,accept
2026-04-03 05:00:43,kazuya80@example.org,利用規約に同意する,4159432,高橋 浩,denied
2026-04-03 05:35:39,hanako08@example.org,利用規約に同意する,8307266,佐藤 京助,accept
2026-04-03 06:55:10,hidekiishikawa@example.org,利用規約に同意する,1551747,斉藤 桃子,accept
2026-04-03 09:01:38,gnakamura@example.com,利用規約に同意する,8640425,山本 英樹,accept
2026-04-03 09:01:59,katoshota@example.net,利用規約に同意する,1536025,岡田 太郎,accept
2026-04-03 09:47:27,yoko33@example.com,利用規約に同意する,1532768,中川 幹,accept
2026-04-03 09:48:32,naokokato@example.org,利用規約に同意する,4525203,山本 智也,accept
2026-04-03 11:11:10,htanaka@example.com,利用規約に同意する,4381691,鈴木 康弘,accept
2026-04-03 12:13:08,suzukiakemi@example.com,利用規約に同意する,8798735,坂本 篤司,accept
2026-04-03 13:21:24,takahashiminoru@example.com,利用規約に同意する,8283521,田中 さゆり,accept
2026-04-03 13:30:45,syamada@example.net,利用規約に同意する,4434524,渡辺 修平,accept
2026-04-03 15:01:41,endoyumiko@example.org,利用規約に同意する,8156626,山口 学,denied
2026-04-03 15:25:49,osamuendo@example.com,利用規約に同意する,4647943,小林 七夏,accept
2026-04-03 15:35:32,morimanabu@example.net,利用規約に同意する,1543288,加藤 春香,accept
2026-04-03 15:37:10,ishikawatsubasa@example.net,利用規約に同意する,8150140,石川 亮介,accept
2026-04-03 15:48:34,watanabejun@example.org,利用規約に同意する,8150134,吉田 真綾,denied
2026-04-03 17:14:43,minoruyamazaki@example.org,利用規約に同意する,1526680,松田 充,accept
2026-04-03 17:49:42,kazuyawatanabe@example.com,利用規約に同意する,8427760,佐藤 学,accept
2026-04-03 17:56:01,kyosuketanaka@example.org,利用規約に同意する,8113526,小林 陽子,accept
2026-04-03 18:35:03,lwatanabe@example.com,利用規約に同意する,4224890,石井 康弘,accept
2026-04-03 20:51:41,taichi73@example.com,利用規約に同意する,4377518,鈴木 真綾,accept
2026-04-03 21:43:05,yosuke49@example.net,利用規約に同意する,8694297,加藤 稔,accept
2026-04-03 22:32:04,ishikawamanabu@example.com,利用規約に同意する,1549140,渡辺 七夏,accept
2026-04-03 22:56:21,asuka60@example.com,利用規約に同意する,8104222,藤井 充,accept
2026-04-04 00:18:28,bkato@example.net,利用規約に同意する,4348816,山本 直子,accept
2026-04-04 00:24:49,hayashikazuya@example.net,利用規約に同意する,4435093,加藤 千代,accept
2026-04-04 00:55:33,gotomituru@example.org,利用規約に同意する,8626326,池田 さゆり,accept
2026-04-04 01:02:05,mmori@example.org,利用規約に同意する,1533092,中島 舞,accept
2026-04-04 01:02:40,haruka08@example.com,利用規約に同意する,1541033,小林 七夏,accept
2026-04-04 01:20:02,morimanabu@example.net,利用規約に同意する,1543288,加藤 春香,denied
2026-04-04 02:17:32,mikigoto@example.net,利用規約に同意する,8278282,中島 直子,accept
2026-04-04 04:32:36,kfujiwara@example.org,利用規約に同意する,1589709,山本 あすか,accept
2026-04-04 04:49:17,hideki49@example.com,利用規約に同意する,4618191,山本 結衣,accept
2026-04-04 04:57:37,itomaaya@example.net,利用規約に同意する,1562070,橋本 七夏,accept
2026-04-04 05:39:30,junmatsumoto@example.net,利用規約に同意する,8561712,吉田 翔太,accept
2026-04-04 07:03:36,nakamurayuta@example.net,利用規約に同意する,8129131,中村 結衣,accept
2026-04-04 07:53:05,hiroshisato@example.net,利用規約に同意する,8309447,渡辺 裕美子,accept
2026-04-04 08:30:56,ainoue@example.net,利用規約に同意する,4692978,三浦 洋介,accept
2026-04-04 10:06:56,yamadaminoru@example.org,利用規約に同意する,4209359,福田 洋介,accept
2026-04-04 11:19:26,yoichitanaka@example.org,利用規約に同意する,8613587,鈴木 聡太郎,accept
2026-04-04 13:01:51,dkobayashi@example.org,利用規約に同意する,1561385,松本 陽子,accept
2026-04-04 13:17:39,pmiura@example.org,利用規約に同意する,1505754,高橋 太一,denied
2026-04-04 13:28:04,hanakosasaki@example.net,利用規約に同意する,1598021,吉田 結衣,accept
2026-04-04 14:29:40,kana24@example.net,利用規約に同意する,1579310,伊藤 陽子,accept
2026-04-04 14:48:50,miki63@example.com,利用規約に同意する,8449412,鈴木 幹,denied
2026-04-04 16:49:09,yuki86@example.org,利用規約に同意する,8492340,佐藤 智也,accept
2026-04-04 17:05:37,kimurakumiko@example.org,利用規約に同意する,8895525,田中 春香,accept
2026-04-04 17:48:51,psato@example.com,利用規約に同意する,2772309,佐藤 里佳,accept
2026-04-04 18:09:05,rwatanabe@example.org,利用規約に同意する,8486577,清水 太郎,accept
2026-04-04 20:45:00,naoki02@example.net,利用規約に同意する,8391655,高橋 明美,denied
2026-04-04 20:54:33,kkondo@example.org,利用規約に同意する,8502665,斎藤 淳,accept
2026-04-04 23:12:07,ainoue@example.net,利用規約に同意する,4692978,三浦 洋介,denied
2026-04-05 01:45:44,chiyosuzuki@example.com,利用規約に同意する,8277128,藤井 七夏,accept
2026-04-05 04:49:05,kaoriyamamoto@example.com,利用規約に同意する,2715396,高橋 翔太,accept
2026-04-05 05:52:07,ryosuke63@example.net,利用規約に同意する,8644245,山口 結衣,accept
2026-04-05 06:25:06,ttakahashi@example.org,利用規約に同意する,1583050,斎藤 千代,accept
2026-04-05 07:15:29,hanako14@example.org,利用規約に同意する,8358540,田中 明美,accept
2026-04-05 08:01:05,gnakamura@example.com,利用規約に同意する,8640425,山本 英樹,accept
2026-04-05 08:09:30,tanakamaaya@example.com,利用規約に同意する,1532441,鈴木 里佳,accept
2026-04-05 08:29:40,rsasaki@example.org,利用規約に同意する,1577182,松本 和也,accept
2026-04-05 08:44:36,akemi39@example.org,利用規約に同意する,4611953,橋本 陽一,accept
2026-04-05 10:45:51,yamamotohideki@example.org,利用規約に同意する,1558926,佐藤 さゆり,accept
2026-04-05 11:20:11,chiyohashimoto@example.net,利用規約に同意する,1598038,中島 あすか,accept
2026-04-05 11:58:11,yutaishikawa@example.org,利用規約に同意する,8210837,斎藤 結衣,accept
2026-04-05 12:02:09,sasakiakira@example.net,利用規約に同意する,8283606,高橋 くみ子,accept
2026-04-05 12:57:45,kaori13@example.net,利用規約に同意する,8622818,小林 翔太,accept
2026-04-05 13:44:35,itoatsushi@example.net,利用規約に同意する,8317486,田中 加奈,accept
2026-04-05 13:48:39,wnakamura@example.com,利用規約に同意する,4592459,松田 花子,accept
2026-04-05 14:20:54,kfujiwara@example.org,利用規約に同意する,1589709,山本 あすか,accept
2026-04-05 15:42:57,gkimura@example.com,利用規約に同意する,1543910,三浦 美加子,accept
2026-04-05 17:04:24,ogawamomoko@example.net,利用規約に同意する,1522439,森 聡太郎,accept
2026-04-05 20:20:58,yamadaminoru@example.org,利用規約に同意する,4209359,福田 洋介,accept
2026-04-05 21:27:21,akira42@example.org,利用規約に同意する,1581439,佐藤 浩,accept
2026-04-05 22:04:52,zmaeda@example.com,利用規約に同意する,1533681,伊藤 直樹,accept
2026-04-05 22:08:02,naokifujiwara@example.com,利用規約に同意する,4549941,橋本 洋介,accept
2026-04-05 22:11:49,nakajimanaoko@example.com,利用規約に同意する,1559251,遠藤 智也,accept
2026-04-05 22:29:04,suzukimaaya@example.com,利用規約に同意する,8534688,山崎 知実,accept
2026-04-05 22:51:46,yumiko35@example.com,利用規約に同意する,4193677,林 七夏,accept
2026-04-05 23:05:00,gnakajima@example.com,利用規約に同意する,8680440,阿部 零,accept
2026-04-05 23:42:26,sotaroinoue@example.net,利用規約に同意する,4412924,鈴木 浩,accept
2026-04-05 23:50:47,mikiwatanabe@example.net,利用規約に同意する,8668995,小林 陽子,accept
2026-04-05 23:55:25,tanakahiroshi@example.net,利用規約に同意する,4161462,佐々木 知実,accept
2026-04-06 00:01:27,tsubasakobayashi@example.com,利用規約に同意する,8454592,松本 浩,accept
2026-04-06 00:45:23,bishikawa@example.net,利用規約に同意する,1536569,斎藤 修平,accept
2026-04-06 01:33:23,ryoheimurakami@example.com,利用規約に同意する,8280623,福田 花子,accept
2026-04-06 02:00:05,reinakamura@example.net,利用規約に同意する,4233119,加藤 亮介,accept
2026-04-06 02:46:55,manabumiura@example.org,利用規約に同意する,1584852,佐藤 さゆり,accept
2026-04-06 05:01:38,satochiyo@example.com,利用規約に同意する,8202348,松本 裕太,accept
2026-04-06 06:54:08,miki29@example.org,利用規約に同意する,8889707,伊藤 舞,accept
2026-04-06 07:49:56,kimurasayuri@example.com,利用規約に同意する,8535972,山田 七夏,accept
2026-04-06 09:35:27,watanabehiroshi@example.org,利用規約に同意する,4501792,小林 裕樹,accept
2026-04-06 10:12:31,asukatanaka@example.org,利用規約に同意する,1572534,佐藤 直樹,accept
2026-04-06 12:28:52,watanabetsubasa@example.net,利用規約に同意する,4386846,木村 淳,accept
2026-04-06 12:38:11,suzukiminoru@example.net,利用規約に同意する,1572135,藤井 学,accept
2026-04-06 14:17:48,ftakahashi@example.org,利用規約に同意する,1507019,加藤 拓真,accept
2026-04-06 16:09:19,msaito@example.net,利用規約に同意する,1548738,田中 裕美子,accept
2026-04-06 16:17:35,mogawa@example.net,利用規約に同意する,4532953,佐藤 直子,accept
2026-04-06 16:19:13,rei46@example.org,利用規約に同意する,1542233,林 拓真,accept
2026-04-06 16:19:19,yamashitayasuhiro@example.net,利用規約に同意する,1532077,佐々木 結衣,accept
2026-04-06 16:59:00,suzukiyui@example.com,利用規約に同意する,4490017,小川 陽一,accept
2026-04-06 20:43:22,rei50@example.org,利用規約に同意する,4319198,佐藤 太一,accept
2026-04-06 20:51:07,bsato@example.org,利用規約に同意する,1532411,田中 結衣,accept
2026-04-07 00:09:13,endomituru@example.org,利用規約に同意する,1549672,後藤 浩,accept
2026-04-07 00:18:06,xtakahashi@example.com,利用規約に同意する,8189220,佐藤 健一,accept
2026-04-07 00:31:40,kenichinakagawa@example.com,利用規約に同意する,8189282,石川 春香,accept
2026-04-07 00:53:00,ltanaka@example.net,利用規約に同意する,4559898,山田 結衣,accept
2026-04-07 02:25:10,kaori62@example.com,利用規約に同意する,4189167,藤原 花子,accept
2026-04-07 05:58:21,yuiyamaguchi@example.org,利用規約に同意する,1530932,山田 舞,accept
2026-04-07 07:11:36,ogawamomoko@example.net,利用規約に同意する,1522439,森 聡太郎,accept
2026-04-07 08:16:59,kana24@example.net,利用規約に同意する,1579310,伊藤 陽子,accept
2026-04-07 08:21:22,gnakamura@example.com,利用規約に同意する,8640425,山本 英樹,accept
2026-04-07 08:39:22,ikato@example.org,利用規約に同意する,1518344,小林 稔,accept
2026-04-07 08:56:11,qgoto@example.org,利用規約に同意する,4449479,佐藤 里佳,accept
2026-04-07 09:41:36,watanabeatsushi@example.net,利用規約に同意する,8391988,小林 香織,accept
2026-04-07 10:05:33,yui49@example.org,利用規約に同意する,4467538,太田 翔太,accept
2026-04-07 10:56:57,suzukiryohei@example.org,利用規約に同意する,1538654,佐々木 直樹,accept
2026-04-07 11:50:23,mituruaoki@example.org,利用規約に同意する,1540539,鈴木 直人,accept
2026-04-07 12:33:24,ikato@example.org,利用規約に同意する,1518344,小林 稔,accept
2026-04-07 15:01:24,kana96@example.org,利用規約に同意する,8205130,近藤 桃子,accept
2026-04-07 15:50:43,takumanakamura@example.org,利用規約に同意する,4426741,中村 陽一,accept
2026-04-07 16:32:17,yosukesuzuki@example.org,利用規約に同意する,8537345,斉藤 香織,accept
2026-04-07 17:55:39,raoki@example.org,利用規約に同意する,4509666,阿部 聡太郎,accept
2026-04-07 18:08:31,yokotakahashi@example.com,利用規約に同意する,1509835,高橋 千代,accept
2026-04-07 20:14:55,taro28@example.net,利用規約に同意する,3072102,山口 聡太郎,accept
2026-04-07 20:27:07,katoshota@example.net,利用規約に同意する,4684108,斎藤 七夏,accept
2026-04-07 20:54:31,satokana@example.com,利用規約に同意する,8227082,小林 智也,accept
2026-04-07 20:55:02,qfujita@example.net,利用規約に同意する,1536129,中村 明美,accept
2026-04-07 21:42:32,morimituru@example.net,利用規約に同意する,8612675,吉田 くみ子,accept
2026-04-08 00:43:47,yuta97@example.com,利用規約に同意する,4473005,斎藤 洋介,accept
2026-04-08 01:17:00,ssato@example.net,利用規約に同意する,1509789,佐々木 美加子,accept
2026-04-08 04:19:49,vito@example.org,利用規約に同意する,1505492,福田 智也,accept
2026-04-08 07:09:47,takahashiyoichi@example.org,利用規約に同意する,4315726,松本 花子,accept
2026-04-08 07:47:40,manabu46@example.net,利用規約に同意する,1514089,石井 加奈,accept
2026-04-08 09:45:07,rsasaki@example.org,利用規約に同意する,1577182,松本 和也,accept
2026-04-08 10:51:41,yamamotosatomi@example.net,利用規約に同意する,4400611,伊藤 健一,accept
2026-04-08 11:06:57,suzukiryohei@example.org,利用規約に同意する,1538654,佐々木 直樹,accept
2026-04-08 12:55:26,shotagoto@example.org,利用規約に同意する,8531365,木村 裕美子,accept
2026-04-08 13:50:00,yui01@example.org,利用規約に同意する,4572264,佐々木 康弘,accept
2026-04-08 14:56:01,shota71@example.net,利用規約に同意する,1529012,高橋 和也,denied
2026-04-08 15:37:00,shimizuryosuke@example.com,利用規約に同意する,1538452,鈴木 翼,accept
2026-04-08 16:11:19,satomi28@example.org,利用規約に同意する,1511359,前田 直子,accept
2026-04-08 16:51:38,kobayashiyumiko@example.net,利用規約に同意する,4691677,山田 淳,accept
2026-04-08 17:34:45,xtanaka@example.com,利用規約に同意する,1546913,橋本 結衣,accept
2026-04-08 18:09:25,mikimatsumoto@example.org,利用規約に同意する,4317884,近藤 桃子,accept
2026-04-08 18:29:34,yoshidamomoko@example.com,利用規約に同意する,8484972,木村 花子,accept
2026-04-08 19:16:29,xsasaki@example.com,利用規約に同意する,4552196,近藤 晃,accept
2026-04-08 19:30:47,akemitanaka@example.org,利用規約に同意する,1533386,阿部 陽一,accept
2026-04-08 20:46:48,suzukiyui@example.com,利用規約に同意する,4490017,小川 陽一,accept
2026-04-08 21:21:44,jikeda@example.net,利用規約に同意する,1539932,佐藤 亮介,accept
2026-04-08 22:35:12,hashimotorika@example.com,利用規約に同意する,1539829,清水 舞,accept
2026-04-08 22:36:55,miurahanako@example.org,利用規約に同意する,4476556,山田 桃子,accept
2026-04-08 23:21:32,ayamashita@example.net,利用規約に同意する,2208981,木村 舞,accept
2026-04-08 23:38:15,kazuya65@example.org,利用規約に同意する,4351266,福田 裕樹,accept
2026-04-09 00:37:40,yokogoto@example.net,利用規約に同意する,8289091,田中 明美,accept
2026-04-09 00:52:17,tomoya26@example.net,利用規約に同意する,4681070,村上 充,accept
2026-04-09 00:58:45,aberyosuke@example.com,利用規約に同意する,4611128,中村 洋介,accept
2026-04-09 01:06:02,sayuri38@example.org,利用規約に同意する,4504244,中村 花子,accept
2026-04-09 02:26:35,satochiyo@example.org,利用規約に同意する,4197370,森 結衣,accept
2026-04-09 02:36:54,wogawa@example.org,利用規約に同意する,8662739,前田 洋介,accept
2026-04-09 02:50:43,ywatanabe@example.net,利用規約に同意する,4502050,高橋 英樹,accept
2026-04-09 03:36:42,katojun@example.org,利用規約に同意する,8455448,高橋 涼平,accept
2026-04-09 04:37:42,yukitanaka@example.net,利用規約に同意する,8568493,山口 幹,accept
2026-04-09 06:00:15,chiyo94@example.net,利用規約に同意する,4381289,高橋 真綾,accept
2026-04-09 07:43:05,katoyasuhiro@example.com,利用規約に同意する,4421922,渡辺 直人,accept
2026-04-09 07:58:24,akira22@example.net,利用規約に同意する,4670373,坂本 学,accept
2026-04-09 09:14:49,naotosuzuki@example.org,利用規約に同意する,8611221,藤原 洋介,accept
2026-04-09 09:58:08,naoto01@example.org,利用規約に同意する,1502187,田中 亮介,accept
2026-04-09 12:05:41,pshimizu@example.org,利用規約に同意する,1528668,渡辺 くみ子,accept
2026-04-09 13:09:01,ishiiminoru@example.org,利用規約に同意する,4655576,小林 亮介,accept
2026-04-09 13:47:20,mwatanabe@example.org,利用規約に同意する,1569226,小林 里佳,accept
2026-04-09 15:21:21,skobayashi@example.net,利用規約に同意する,8396744,山崎 美加子,accept
2026-04-09 15:42:35,tanakamomoko@example.net,利用規約に同意する,1530490,中川 聡太郎,accept
2026-04-09 16:07:38,miki25@example.net,利用規約に同意する,8959974,森 学,accept
2026-04-09 16:08:14,kobayashisayuri@example.org,利用規約に同意する,4385929,山本 太郎,accept
2026-04-09 16:20:05,ryosukekato@example.org,利用規約に同意する,8494510,福田 和也,accept
2026-04-09 16:29:45,rkondo@example.org,利用規約に同意する,4546437,岡本 浩,denied
2026-04-09 17:52:56,ykobayashi@example.org,利用規約に同意する,1517507,吉田 涼平,accept
2026-04-09 17:56:07,ryosukefujii@example.com,利用規約に同意する,4929603,渡辺 香織,accept
2026-04-09 21:02:19,katoharuka@example.net,利用規約に同意する,4419848,佐藤 加奈,accept
2026-04-09 21:49:37,momokosasaki@example.org,利用規約に同意する,4259598,加藤 英樹,accept
2026-04-09 22:27:20,rei85@example.com,利用規約に同意する,4340001,斎藤 美加子,accept
2026-04-10 04:44:17,yamamotomiki@example.com,利用規約に同意する,1507441,鈴木 裕美子,accept
2026-04-10 06:31:50,haruka42@example.net,利用規約に同意する,4372684,橋本 篤司,accept
2026-04-10 06:59:59,wishikawa@example.com,利用規約に同意する,1555057,鈴木 幹,accept
2026-04-10 08:04:57,utanaka@example.net,利用規約に同意する,4111995,藤井 亮介,accept
2026-04-10 08:49:52,taichisato@example.com,利用規約に同意する,1569002,高橋 翼,accept
2026-04-10 10:35:14,tsubasamiura@example.net,利用規約に同意する,8500074,西村 裕樹,accept
2026-04-10 10:55:27,takahashitaro@example.org,利用規約に同意する,2933801,小林 充,accept
2026-04-10 11:55:57,sotaro17@example.com,利用規約に同意する,4264843,木村 英樹,accept
2026-04-10 12:09:07,akemimaeda@example.net,利用規約に同意する,4261141,木村 里佳,accept
2026-04-10 13:59:29,sasakiyumiko@example.com,利用規約に同意する,8499828,木村 充,accept
2026-04-10 14:12:36,yoichi34@example.org,利用規約に同意する,8245353,青木 知実,accept
2026-04-10 14:35:09,rika62@example.com,利用規約に同意する,8527884,鈴木 香織,denied
2026-04-10 15:55:44,jun13@example.org,利用規約に同意する,4539834,後藤 浩,accept
2026-04-10 17:59:04,hiroshi49@example.org,利用規約に同意する,1594540,三浦 春香,accept
2026-04-10 19:12:16,suzukiyuta@example.net,利用規約に同意する,1558947,吉田 裕美子,accept
2026-04-10 20:08:55,atsushimori@example.net,利用規約に同意する,8220922,遠藤 結衣,accept
2026-04-10 22:26:58,hiroshi35@example.org,利用規約に同意する,4397853,佐藤 京助,accept
2026-04-10 22:28:38,yukitanaka@example.net,利用規約に同意する,8568493,山口 幹,accept
2026-04-10 23:07:57,yamadaminoru@example.org,利用規約に同意する,4209359,福田 洋介,accept
2026-04-11 01:21:30,nakagawasotaro@example.com,利用規約に同意する,4588083,中村 結衣,accept
2026-04-11 01:21:53,dyamashita@example.net,利用規約に同意する,1529219,伊藤 智也,accept
2026-04-11 01:41:19,hasegawamikako@example.net,利用規約に同意する,4147235,高橋 さゆり,accept
2026-04-11 02:02:00,hnakamura@example.com,利用規約に同意する,8954568,田中 あすか,accept
2026-04-11 02:19:11,bmori@example.org,利用規約に同意する,8407355,斉藤 明美,accept
2026-04-11 04:29:01,lwatanabe@example.com,利用規約に同意する,4224890,石井 康弘,accept
2026-04-11 06:26:11,csuzuki@example.net,利用規約に同意する,4371737,坂本 康弘,accept
2026-04-11 06:54:00,kenichisakamoto@example.com,利用規約に同意する,8417786,佐々木 裕樹,denied
2026-04-11 07:06:59,nakamurayuta@example.net,利用規約に同意する,8129131,中村 結衣,accept
2026-04-11 08:08:03,osamu21@example.com,利用規約に同意する,8282323,田中 舞,accept
2026-04-11 08:41:22,naokiikeda@example.net,利用規約に同意する,8396067,山田 晃,accept
2026-04-11 09:03:55,yokoishikawa@example.com,利用規約に同意する,8195804,伊藤 充,accept
2026-04-11 10:55:05,yuta07@example.net,利用規約に同意する,8941586,太田 拓真,accept
2026-04-11 11:09:08,yuta22@example.net,利用規約に同意する,8631566,鈴木 結衣,accept
2026-04-11 13:47:58,jikeda@example.net,利用規約に同意する,1539932,佐藤 亮介,accept
2026-04-11 15:06:56,yumiko82@example.net,利用規約に同意する,4398567,遠藤 花子,accept
2026-04-11 15:48:06,hiroshi27@example.com,利用規約に同意する,2199246,高橋 和也,accept
2026-04-11 16:23:11,vshimizu@example.org,利用規約に同意する,4109725,吉田 直樹,accept
2026-04-11 17:01:34,gtanaka@example.net,利用規約に同意する,8528972,中村 健一,accept
2026-04-11 19:10:00,yoko45@example.org,利用規約に同意する,4250164,長谷川 稔,accept
2026-04-11 20:14:00,mai89@example.net,利用規約に同意する,4416299,吉田 裕美子,accept
2026-04-11 20:29:12,vikeda@example.org,利用規約に同意する,4620028,佐藤 稔,accept
2026-04-11 21:36:06,tsubasakobayashi@example.com,利用規約に同意する,8454592,松本 浩,accept
2026-04-11 23:59:38,nakagawasotaro@example.com,利用規約に同意する,4588083,中村 結衣,accept
2026-04-12 00:20:09,kobayashiyumiko@example.net,利用規約に同意する,4691677,山田 淳,denied
2026-04-12 00:41:41,maayatakahashi@example.org,利用規約に同意する,4579516,近藤 裕美子,accept
2026-04-12 03:37:14,qyamashita@example.org,利用規約に同意する,1547696,小林 七夏,accept
2026-04-12 03:55:29,vkimura@example.com,利用規約に同意する,4322768,西村 舞,accept
2026-04-12 04:32:33,uyamaguchi@example.net,利用規約に同意する,4316899,加藤 太郎,accept
2026-04-12 04:34:30,mituru23@example.org,利用規約に同意する,4116284,高橋 陽子,accept
2026-04-12 05:33:23,kyosuketanaka@example.org,利用規約に同意する,8113526,小林 陽子,accept
2026-04-12 05:45:31,kyosukeaoki@example.net,利用規約に同意する,1579887,伊藤 聡太郎,accept
2026-04-12 05:48:44,yoichitanaka@example.org,利用規約に同意する,8613587,鈴木 聡太郎,accept
2026-04-12 06:29:47,miki63@example.com,利用規約に同意する,8449412,鈴木 幹,accept
2026-04-12 07:43:14,kondoyuta@example.net,利用規約に同意する,4248520,佐藤 舞,accept
2026-04-12 08:14:27,rsasaki@example.com,利用規約に同意する,4293468,木村 裕美子,accept
2026-04-12 11:18:00,kobayashiyumiko@example.com,利用規約に同意する,2153120,清水 充,accept
2026-04-12 12:54:42,momoko73@example.org,利用規約に同意する,1593531,福田 涼平,accept
2026-04-12 13:12:06,kmatsuda@example.net,利用規約に同意する,1543456,田中 直人,accept
2026-04-12 15:17:16,otakyosuke@example.com,利用規約に同意する,4252565,中村 翔太,accept
2026-04-12 15:44:28,nishimurakumiko@example.com,利用規約に同意する,8594373,林 亮介,accept
2026-04-12 15:48:36,tomoya89@example.org,利用規約に同意する,4610358,山田 幹,accept
2026-04-12 15:53:56,tomoya89@example.org,利用規約に同意する,4610358,山田 幹,accept
2026-04-12 15:58:31,chiyo24@example.org,利用規約に同意する,8209807,山口 春香,accept
2026-04-12 16:43:27,ikedamiki@example.org,利用規約に同意する,8452873,岡田 桃子,accept
2026-04-12 18:47:03,esakamoto@example.com,利用規約に同意する,1580079,小林 聡太郎,accept
2026-04-12 18:48:00,xwatanabe@example.com,利用規約に同意する,4337409,伊藤 くみ子,accept
2026-04-12 18:53:43,suzukiyumiko@example.net,利用規約に同意する,8640760,山本 春香,accept
2026-04-12 19:14:11,ryosuke44@example.net,利用規約に同意する,4134387,加藤 くみ子,accept
2026-04-12 20:13:38,satomanabu@example.com,利用規約に同意する,1518289,山下 治,accept
2026-04-12 20:23:34,satomi34@example.org,利用規約に同意する,8317361,高橋 陽子,accept
2026-04-12 21:45:55,tomoya89@example.org,利用規約に同意する,4610358,山田 幹,accept
2026-04-12 23:39:45,esato@example.org,利用規約に同意する,1593298,後藤 くみ子,accept
2026-04-13 00:33:59,yuta97@example.com,利用規約に同意する,4473005,斎藤 洋介,accept
2026-04-13 00:59:23,dsasaki@example.org,利用規約に同意する,1577814,藤原 明美,accept
2026-04-13 01:04:09,naoko13@example.net,利用規約に同意する,8606428,清水 花子,denied
2026-04-13 02:38:04,tsubasamiura@example.net,利用規約に同意する,8500074,西村 裕樹,accept
2026-04-13 04:14:29,ryoheimurakami@example.com,利用規約に同意する,8280623,福田 花子,accept
2026-04-13 04:50:42,maaya48@example.net,利用規約に同意する,1554596,田中 英樹,accept
2026-04-13 05:43:30,okato@example.com,利用規約に同意する,1524586,高橋 学,accept
2026-04-13 08:06:14,ckobayashi@example.net,利用規約に同意する,4449840,山口 直樹,accept
2026-04-13 09:17:42,takahashitaro@example.org,利用規約に同意する,8234741,渡辺 加奈,accept
2026-04-13 09:24:13,hfukuda@example.com,利用規約に同意する,4652757,佐藤 京助,accept
2026-04-13 09:43:07,hashimotohiroshi@example.com,利用規約に同意する,8428124,佐藤 翔太,accept
2026-04-13 10:59:31,naokokato@example.com,利用規約に同意する,4271058,池田 美加子,accept
2026-04-13 11:13:04,akeminakajima@example.com,利用規約に同意する,4420730,藤原 美加子,accept
2026-04-13 12:21:05,osato@example.org,利用規約に同意する,8114663,山田 裕美子,accept
2026-04-13 12:33:56,bishikawa@example.net,利用規約に同意する,1536569,斎藤 修平,accept
2026-04-13 12:45:17,tarosuzuki@example.com,利用規約に同意する,1599972,森 淳,accept
2026-04-13 13:59:38,yutayoshida@example.net,利用規約に同意する,4188452,前田 桃子,accept
2026-04-13 14:11:05,mikakotakahashi@example.com,利用規約に同意する,8131194,渡辺 淳,accept
2026-04-13 14:17:19,ykato@example.com,利用規約に同意する,1595768,池田 洋介,accept
2026-04-13 14:19:36,kaori49@example.com,利用規約に同意する,4461727,遠藤 亮介,accept
2026-04-13 16:04:13,kumiko12@example.net,利用規約に同意する,1565323,松本 あすか,accept
2026-04-13 16:54:49,ryohei66@example.org,利用規約に同意する,1518661,後藤 真綾,accept
2026-04-13 17:12:24,hsasaki@example.com,利用規約に同意する,4659510,斎藤 直子,accept
2026-04-13 21:16:42,fnakamura@example.net,利用規約に同意する,8197894,田中 晃,accept
2026-04-13 22:11:56,kaorimiura@example.net,利用規約に同意する,4418634,小林 英樹,accept
2026-04-13 23:13:00,ttakahashi@example.org,利用規約に同意する,4508079,松本 淳,denied
2026-04-13 23:20:21,hidekinakamura@example.org,利用規約に同意する,4297880,山本 零,denied
2026-04-13 23:31:15,nhayashi@example.com,利用規約に同意する,8661680,池田 春香,accept
